{"cameraMode":{"drawMode":0,"name":"Shaded","section":"Shading Mode"},"sceneLighting":false,"audioPlay":false,"sceneViewState":{"showFog":true,"showMaterialUpdate":false,"showSkybox":true,"showFlares":true,"showImageEffects":true,"showParticleSystems":true},"in2DMode":false,"pivot":{"x":17.782520294189454,"y":0.18196585774421693,"z":37.17911148071289},"rotation":{"x":-0.3840257525444031,"y":-0.05203539505600929,"z":0.02168307639658451,"w":-0.9215999245643616},"size":4.076198577880859,"orthographic":false}