{"cameraMode":{"drawMode":0,"name":"Shaded","section":"Shading Mode"},"sceneLighting":false,"audioPlay":false,"sceneViewState":{"showFog":true,"showMaterialUpdate":false,"showSkybox":true,"showFlares":true,"showImageEffects":true,"showParticleSystems":true},"in2DMode":false,"pivot":{"x":-1.4897308349609376,"y":-1.3056495189666749,"z":-0.6037611961364746},"rotation":{"x":-0.08660473674535752,"y":0.8413591384887695,"z":-0.14166966080665589,"w":-0.5143384337425232},"size":10.512116432189942,"orthographic":false}