{"cameraMode":{"drawMode":0,"name":"Shaded","section":"Shading Mode"},"sceneLighting":false,"audioPlay":false,"sceneViewState":{"showFog":true,"showMaterialUpdate":false,"showSkybox":true,"showFlares":true,"showImageEffects":true,"showParticleSystems":true},"in2DMode":false,"pivot":{"x":2.5891971588134767,"y":0.2109135389328003,"z":2.3793997764587404},"rotation":{"x":-0.1267702579498291,"y":-0.6206836104393005,"z":0.10259901732206345,"w":-0.7669124603271484},"size":4.238203048706055,"orthographic":false}