{"cameraMode":{"drawMode":0,"name":"Shaded","section":"Shading Mode"},"sceneLighting":false,"audioPlay":false,"sceneViewState":{"showFog":true,"showMaterialUpdate":false,"showSkybox":true,"showFlares":true,"showImageEffects":true,"showParticleSystems":true},"in2DMode":false,"pivot":{"x":74.1969223022461,"y":123.5600814819336,"z":-52.33470916748047},"rotation":{"x":-0.3296486735343933,"y":0.044443175196647647,"z":-0.01553689781576395,"w":-0.9429298043251038},"size":104.68990325927735,"orthographic":false}