{"cameraMode":{"drawMode":0,"name":"Shaded","section":"Shading Mode"},"sceneLighting":true,"audioPlay":false,"sceneViewState":{"showFog":true,"showMaterialUpdate":false,"showSkybox":true,"showFlares":true,"showImageEffects":true,"showParticleSystems":true},"in2DMode":false,"pivot":{"x":1181.102294921875,"y":-33.2625732421875,"z":2107.23974609375},"rotation":{"x":0.14969472587108613,"y":0.0252053365111351,"z":-0.0038171419873833658,"w":0.9884006381034851},"size":3585.421630859375,"orthographic":false}