{"cameraMode":{"drawMode":0,"name":"Shaded","section":"Shading Mode"},"sceneLighting":true,"audioPlay":false,"sceneViewState":{"showFog":true,"showMaterialUpdate":true,"showSkybox":true,"showFlares":true,"showImageEffects":true,"showParticleSystems":true},"in2DMode":false,"pivot":{"x":371.0504455566406,"y":519.5935668945313,"z":0.0},"rotation":{"x":-0.19401952624320985,"y":0.022655034437775613,"z":-0.004480642732232809,"w":-0.9807282090187073},"size":521.6373291015625,"orthographic":false}